{"cameraMode":{"drawMode":0,"name":"Shaded","section":"Shading Mode"},"sceneLighting":false,"audioPlay":false,"sceneViewState":{"showFog":false,"showMaterialUpdate":false,"showSkybox":false,"showFlares":false,"showImageEffects":false,"showParticleSystems":false},"in2DMode":false,"pivot":{"x":-53.43476867675781,"y":184.4014892578125,"z":7452.5068359375},"rotation":{"x":-0.26268887519836428,"y":-0.0037652032915502788,"z":0.00102544529363513,"w":-0.9648738503456116},"size":3894.533935546875,"orthographic":false}